Date,Open Price,High Price,Low Price,Close Price,Candle Color,Upper Shadow,Lower Shadow,Body,universe_disc,fMag,fBody,fUS,fLS,Bias,Magnitude,fm,md,fcs
15-Jan-1996,397.5,402.0,397.5,398.25,White,3,0,0.75,1,VB,VB,VB,TNY,Positive,2,Extremely Bullish,BL,VBTNYVBW
24-Jan-1996,396.25,394.5,385.5,394.5,Black,1,9,1.75,1,VB,VB,VB,VB,Positive,1,Extremely Bullish,BL,VBVBVBB
02-Feb-1996,415.0,430.0,415.0,429.95,White,0,0,14.949999999999989,5,VB,VB,TNY,TNY,Positive,34,Extremely Bullish,BL,TNYTNYVBW
07-Mar-1996,466.5,480.0,469.95,480.0,White,0,3,13.5,3,VB,VB,TNY,VB,Positive,7,Extremely Bullish,BL,TNYVBVBW
11-Mar-1996,483.95,480.0,477.05,479.0,Black,3,1,4.949999999999988,4,VB,VB,VB,VS,Positive,12,Extremely Bullish,BL,VBVSVBB
14-Mar-1996,468.5,480.0,479.75,480.0,White,0,11,11.5,2,SM,VB,TNY,VB,Positive,1,,NT,TNYVBVBW
15-Mar-1996,480.0,478.05,478.0,478.0,Black,1,0,2.0,0,VB,VB,VB,TNY,Negative,2,Extremely Bearish,BR,VBTNYVBB
02-Apr-1996,502.95,505.0,499.0,505.0,White,0,3,2.050000000000012,1,VB,VB,TNY,VB,Positive,29,Extremely Bullish,BL,TNYVBVBW
19-Apr-1996,640.9,651.0,632.5,636.0,Black,10,3,4.899999999999976,4,VB,VB,VB,VB,Positive,18,Extremely Bullish,BL,VBVBVBB
24-May-1996,659.85,662.0,651.0,661.0,White,1,8,1.1499999999999773,4,VB,VS,VS,VB,Negative,5,Extremely Bearish,BR,VSVBVSW
27-May-1996,661.0,655.0,648.25,648.25,Black,6,0,12.75,5,VB,VB,VB,TNY,Negative,16,Extremely Bearish,BR,VBTNYVBB
12-Jun-1996,710.0,719.0,708.0,710.1,White,8,2,0.10000000000002274,1,VB,TNY,VB,VB,Positive,18,Extremely Bullish,BL,VBVBTNYW
13-Jun-1996,705.0,709.9,700.0,706.95,White,2,5,1.9500000000000453,2,VB,VB,VB,VB,Positive,2,Extremely Bullish,BL,VBVBVBW
14-Jun-1996,708.95,711.0,706.0,710.0,White,1,2,1.0499999999999543,2,VB,SM,SM,VB,Positive,4,Extremely Bullish,BL,SMVBSMW
22-Jul-1996,705.0,705.0,700.0,700.0,Black,0,0,5.0,3,VB,VB,TNY,TNY,Positive,8,Extremely Bullish,BL,TNYTNYVBB
30-Aug-1996,675.0,675.0,670.0,670.0,Black,0,0,5.0,3,VB,VB,TNY,TNY,Positive,12,Extremely Bullish,BL,TNYTNYVBB
04-Sep-1996,667.0,670.35,667.0,670.35,White,0,0,3.3500000000000227,4,TNY,VB,TNY,TNY,Positive,0,Neutral,NT,TNYTNYVBW
19-Sep-1996,664.0,670.0,664.0,670.0,White,0,0,6.0,3,VB,VB,TNY,TNY,Positive,10,Extremely Bullish,BL,TNYTNYVBW
20-Sep-1996,670.0,672.0,670.0,670.25,White,1,0,0.25,3,VB,TNY,VS,TNY,Positive,10,Extremely Bullish,BL,VSTNYTNYW
24-Oct-1996,720.0,720.0,690.15,690.35,Black,0,0,29.649999999999977,10,VB,VB,TNY,TNY,Positive,22,Extremely Bullish,BL,TNYTNYVBB
28-Oct-1996,690.0,690.0,680.05,687.3,Black,0,7,2.700000000000045,6,VB,SM,TNY,VB,Negative,11,Extremely Bearish,BR,TNYVBSMB
31-Oct-1996,682.0,684.0,666.0,679.9,Black,2,13,2.1000000000000227,3,VB,VB,BG,VB,Negative,9,Extremely Bearish,BR,BGVBVBB
08-Nov-1996,698.95,698.95,694.05,694.05,Black,0,0,4.900000000000091,2,VB,VB,TNY,TNY,Positive,14,Extremely Bullish,BL,TNYTNYVBB
13-Nov-1996,688.05,695.0,688.05,695.0,White,0,0,6.9500000000000455,1,TNY,VB,TNY,TNY,Positive,0,Neutral,NT,TNYTNYVBW
25-Nov-1996,690.0,694.0,690.0,694.0,White,0,0,4.0,1,VB,VB,TNY,TNY,Negative,8,Extremely Bearish,BR,TNYTNYVBW
14-Jan-1997,835.0,835.0,827.05,833.85,Black,0,6,1.1499999999999773,14,VB,TNY,TNY,SM,Positive,24,Extremely Bullish,BL,TNYSMTNYB
28-Jan-1997,838.0,838.0,827.05,831.8,Black,0,4,6.2000000000000455,1,VB,VB,TNY,VB,Negative,4,Extremely Bearish,BR,TNYVBVBB
12-Feb-1997,905.0,905.0,886.25,900.0,Black,0,13,5.0,10,VB,SM,TNY,VB,Positive,38,Extremely Bullish,BL,TNYVBSMB
12-Mar-1997,1040.0,1050.0,1016.5,1036.4,Black,10,19,3.5999999999999086,8,VB,SM,VB,VB,Negative,55,Extremely Bearish,BR,VBVBSMB
18-Mar-1997,1042.05,1045.0,1010.0,1023.4,Black,2,13,18.649999999999977,13,VB,VB,TNY,VB,Negative,21,Extremely Bearish,BR,TNYVBVBB
29-Apr-1997,1430.0,1490.0,1345.0,1408.05,Black,60,63,21.95000000000005,8,VB,VB,VB,VB,Positive,110,Extremely Bullish,BL,VBVBVBB
19-May-1997,1444.0,1461.75,1439.0,1448.05,White,13,5,4.0499999999999545,2,VB,VB,VB,VB,Negative,2,Extremely Bearish,BR,VBVBVBW
26-May-1997,1421.0,1445.0,1421.0,1436.4,White,8,0,15.400000000000093,5,VB,VB,VB,TNY,Negative,5,Extremely Bearish,BR,VBTNYVBW
03-Jun-1997,1499.95,1562.0,1499.95,1540.7,White,21,0,40.75,12,VB,VB,VB,TNY,Positive,96,Extremely Bullish,BL,VBTNYVBW
23-Jun-1997,1855.0,1860.0,1820.0,1847.05,Black,5,27,7.950000000000045,12,VB,BG,SM,VB,Negative,12,Extremely Bearish,BR,SMVBBGB
26-Jun-1997,1826.0,1864.0,1820.0,1852.5,White,11,6,26.5,12,SM,VB,VB,SM,Positive,5,,NT,VBSMVBW
06-Aug-1997,2365.0,2370.0,2260.0,2279.85,Black,5,19,85.15000000000009,36,VB,VB,TNY,BG,Positive,76,Extremely Bullish,BL,TNYBGVBB
08-Aug-1997,2260.0,2260.0,2180.0,2209.3,Black,0,29,50.69999999999982,32,VB,VB,TNY,VB,Negative,83,Extremely Bearish,BR,TNYVBVBB
28-Aug-1997,1312.0,1325.0,1262.0,1284.65,Black,13,22,27.34999999999991,8,VB,VB,VB,VB,Positive,41,Extremely Bullish,BL,VBVBVBB
29-Aug-1997,1262.0,1281.0,1252.0,1271.3,White,9,10,9.299999999999956,5,VB,VB,VB,VB,Negative,22,Extremely Bearish,BR,VBVBVBW
01-Sep-1997,1283.0,1283.0,1267.55,1278.9,Black,0,11,4.099999999999909,5,VB,VB,TNY,VB,Negative,42,Extremely Bearish,BR,TNYVBVBB
15-Sep-1997,1406.0,1459.0,1406.0,1430.65,White,28,0,24.65000000000009,4,VB,VB,VB,TNY,Positive,5,Extremely Bullish,BL,VBTNYVBW
10-Oct-1997,1495.0,1610.0,1495.0,1572.9,White,37,0,77.90000000000009,12,VB,VB,VB,TNY,Negative,25,Extremely Bearish,BR,VBTNYVBW
05-Nov-1997,1322.0,1330.0,1275.2,1305.05,Black,8,29,16.950000000000045,6,VB,VB,VB,VB,Negative,40,Extremely Bearish,BR,VBVBVBB
28-Nov-1997,1430.0,1430.0,1430.0,1430.0,White,0,0,0.0,5,VB,TNY,TNY,TNY,Negative,12,Extremely Bearish,BR,TNYTNYTNYW
19-Dec-1997,1171.65,1177.95,1169.0,1176.0,White,1,2,4.349999999999909,10,VB,SM,TNY,TNY,Positive,50,Extremely Bullish,BL,TNYTNYSMW
29-Dec-1997,1191.0,1243.0,1183.5,1231.45,White,11,7,40.450000000000045,17,VB,VB,BG,SM,Positive,79,Extremely Bullish,BL,BGSMVBW
09-Jan-1998,1215.65,1234.95,1165.15,1191.65,Black,19,26,24.0,8,VB,VB,VB,VB,Negative,81,Extremely Bearish,BR,VBVBVBB
20-Jan-1998,1075.0,1175.0,1075.0,1160.3,White,14,0,85.29999999999995,15,VB,VB,VB,TNY,Negative,13,Extremely Bearish,BR,VBTNYVBW
10-Feb-1998,1113.5,1147.8,1113.5,1130.7,White,17,0,17.200000000000045,8,VB,VB,VB,TNY,Positive,11,Extremely Bullish,BL,VBTNYVBW
06-Mar-1998,1394.95,1407.5,1386.45,1390.7,Black,12,4,4.25,14,VB,VS,VB,VS,Positive,11,Extremely Bullish,BL,VBVSVSB
19-Mar-1998,1625.0,1645.0,1595.05,1607.0,Black,20,11,18.0,14,VB,VB,VB,VB,Positive,107,Extremely Bullish,BL,VBVBVBB
10-Apr-1998,2248.0,2248.0,2065.0,2078.75,Black,0,13,169.25,59,VB,VB,TNY,TNY,Positive,72,Extremely Bullish,BL,TNYTNYVBB
26-May-1998,2451.0,2481.0,2415.0,2435.55,Black,30,20,15.449999999999818,8,VB,VB,VB,VB,Positive,30,Extremely Bullish,BL,VBVBVBB
24-Jun-1998,2180.0,2294.0,2130.0,2284.55,White,9,50,104.5500000000002,32,VB,VB,VS,VB,Positive,237,Extremely Bullish,BL,VSVBVBW
15-Jul-1998,2575.0,2595.0,2530.0,2543.4,Black,20,13,31.59999999999991,23,VB,VB,VB,BG,Positive,45,Extremely Bullish,BL,VBBGVBB
30-Jul-1998,2627.0,2632.0,2575.05,2613.9,Black,5,38,13.099999999999907,11,VB,VB,SM,VB,Positive,129,Extremely Bullish,BL,SMVBVBB
03-Aug-1998,2581.0,2639.0,2551.0,2611.75,White,27,30,30.75,14,VB,VB,VB,VB,Negative,14,Extremely Bearish,BR,VBVBVBW
01-Sep-1998,2521.0,2522.0,2420.0,2438.95,Black,1,18,82.0500000000002,25,VB,VB,TNY,VB,Negative,213,Extremely Bearish,BR,TNYVBVBB
02-Sep-1998,2510.0,2530.0,2465.1,2475.9,Black,20,10,34.09999999999991,15,VB,VB,VB,BG,Negative,94,Extremely Bearish,BR,VBBGVBB
03-Sep-1998,2488.0,2504.8,2436.25,2462.4,Black,16,26,25.59999999999991,11,VB,VB,VB,VB,Negative,103,Extremely Bearish,BR,VBVBVBB
15-Sep-1998,2335.0,2365.0,2312.95,2330.65,Black,30,17,4.349999999999909,7,VB,BG,VB,VB,Negative,84,Extremely Bearish,BR,VBVBBGB
16-Sep-1998,2350.0,2369.9,2320.0,2326.5,Black,19,6,23.5,9,VB,VB,VB,BG,Positive,8,Extremely Bullish,BL,VBBGVBB
17-Sep-1998,2325.0,2347.85,2311.0,2320.55,Black,22,9,4.449999999999818,8,VB,BG,VB,VB,Negative,25,Extremely Bearish,BR,VBVBBGB
25-Sep-1998,2450.25,2548.0,2436.05,2510.95,White,37,14,60.69999999999982,16,VB,VB,VB,VB,Positive,194,Extremely Bullish,BL,VBVBVBW
05-Oct-1998,2425.0,2450.0,2324.35,2324.35,Black,25,0,100.65000000000008,54,VB,VB,SM,TNY,Negative,206,Extremely Bearish,BR,SMTNYVBB
27-Oct-1998,2400.0,2459.0,2379.0,2438.85,White,20,21,38.8499999999999,28,VB,VB,VB,VB,Positive,104,Extremely Bullish,BL,VBVBVBW
06-Nov-1998,2442.5,2444.9,2416.0,2421.1,Black,2,5,21.40000000000009,12,VB,VB,TNY,SM,Negative,23,Extremely Bearish,BR,TNYSMVBB
10-Dec-1998,2605.0,2605.0,2569.0,2586.5,Black,0,17,18.5,13,VB,VB,TNY,VB,Positive,81,Extremely Bullish,BL,TNYVBVBB
30-Dec-1998,2963.5,2998.0,2955.0,2972.0,White,26,8,8.5,5,VB,VB,VB,VB,Positive,49,Extremely Bullish,BL,VBVBVBW
21-Jan-1999,4452.0,4666.8,4450.0,4666.8,White,0,2,214.80000000000015,102,VB,VB,TNY,TNY,Positive,657,Extremely Bullish,BL,TNYTNYVBW
29-Jan-1999,4522.0,4729.0,4522.0,4715.0,White,14,0,193.0,83,VB,VB,TNY,TNY,Positive,95,Extremely Bullish,BL,TNYTNYVBW
03-Feb-1999,4505.0,4649.0,4501.0,4649.0,White,0,4,144.0,142,SM,VB,TNY,TNY,Negative,66,,NT,TNYTNYVBW
10-Feb-1999,2525.0,2542.5,2430.0,2452.0,Black,17,22,73.0,21,VB,VB,VB,VB,Negative,2499,Extremely Bearish,BR,VBVBVBB
01-Apr-1999,2899.95,2905.0,2825.0,2844.0,Black,5,19,55.94999999999982,36,VB,VB,TNY,BG,Positive,129,Extremely Bullish,BL,TNYBGVBB
13-Apr-1999,2680.1,2750.0,2660.0,2680.0,Black,69,20,0.09999999999990904,75,VB,TNY,VB,VS,Negative,146,Extremely Bearish,BR,VBVSTNYB
10-May-1999,3239.9,3279.0,3190.0,3220.0,Black,39,30,19.90000000000009,13,VB,VB,VB,VB,Positive,280,Extremely Bullish,BL,VBVBVBB
11-May-1999,3207.1,3228.0,3186.1,3200.0,Black,20,13,7.099999999999909,12,VB,BG,VB,VB,Positive,24,Extremely Bullish,BL,VBVBBGB
18-May-1999,3080.0,3210.0,3070.0,3170.0,White,40,10,90.0,24,VB,VB,VB,SM,Negative,35,Extremely Bearish,BR,VBSMVBW
24-May-1999,3180.0,3210.0,3150.0,3195.5,White,14,30,15.5,18,VS,VB,VB,VB,Positive,5,Bullish Neutral,BL,VBVBVBW
04-Jun-1999,3211.0,3225.0,3170.0,3200.05,Black,14,30,10.949999999999818,10,BG,VB,VB,VB,Negative,6,Very Bearish,BR,VBVBVBB
08-Jun-1999,3150.0,3165.0,3052.05,3150.0,White,15,97,0.0,17,VB,TNY,VB,VB,Negative,45,Extremely Bearish,BR,VBVBTNYW
05-Jul-1999,3685.0,3799.0,3685.0,3697.55,White,101,0,12.550000000000182,11,VB,VB,VB,TNY,Positive,56,Extremely Bullish,BL,VBTNYVBW
05-Aug-1999,5150.1,5195.0,5042.0,5068.95,Black,44,26,81.15000000000055,20,VB,VB,VB,VB,Negative,43,Extremely Bearish,BR,VBVBVBB
31-Aug-1999,5552.0,5578.0,5510.1,5550.6,Black,26,40,1.3999999999996362,41,VB,TNY,BG,VB,Negative,37,Extremely Bearish,BR,BGVBTNYB
07-Jan-2000,13125.5,13125.5,13125.5,13125.5,White,0,0,0.0,328,VB,TNY,TNY,TNY,Negative,3730,Extremely Bearish,BR,TNYTNYTNYW
27-Jan-2000,7570.0,7600.0,7293.0,7390.75,Black,30,97,179.25,120,VB,VB,VS,VB,Negative,6029,Extremely Bearish,BR,VSVBVBB
11-Feb-2000,9269.0,9945.75,9269.0,9945.75,White,0,0,676.75,209,VB,VB,TNY,TNY,Positive,1047,Extremely Bullish,BL,TNYTNYVBW
14-Mar-2000,10210.0,10210.0,9873.15,9873.15,Black,0,0,336.85000000000036,330,VB,VB,TNY,TNY,Negative,1985,Extremely Bearish,BR,TNYTNYVBB
28-Apr-2000,8100.0,8488.0,7955.0,8121.65,White,366,145,21.649999999999643,168,VB,TNY,VB,VB,Positive,949,Extremely Bullish,BL,VBVBTNYW
03-May-2000,7350.0,7899.0,6937.3,7648.9,White,250,412,298.89999999999964,303,VB,VB,VB,VB,Negative,339,Extremely Bearish,BR,VBVBVBW
18-Jul-2000,7697.0,7699.0,7372.0,7454.55,Black,2,82,242.44999999999985,78,VB,VB,TNY,VB,Negative,576,Extremely Bearish,BR,TNYVBVBB
27-Sep-2000,7200.0,7520.0,7026.0,7461.15,White,58,174,261.14999999999964,74,VB,VB,VB,VB,Positive,419,Extremely Bullish,BL,VBVBVBW
26-Oct-2000,7140.0,7199.9,7058.0,7142.0,White,57,82,2.0,27,VB,TNY,VB,VB,Positive,271,Extremely Bullish,BL,VBVBTNYW
07-Nov-2000,7551.0,7737.65,7505.55,7710.95,White,26,45,159.94999999999982,83,VB,VB,VS,BG,Positive,303,Extremely Bullish,BL,VSBGVBW
14-Nov-2000,7327.0,7688.0,7326.0,7648.85,White,39,1,321.85000000000036,96,VB,VB,SM,TNY,Negative,274,Extremely Bearish,BR,SMTNYVBW
30-Nov-2000,7390.0,7398.7,7160.0,7184.15,Black,8,24,205.85000000000042,67,VB,VB,TNY,VS,Negative,388,Extremely Bearish,BR,TNYVSVBB
01-Dec-2000,7150.0,7334.85,7051.0,7288.3,White,46,99,138.30000000000018,80,VB,VB,BG,VB,Negative,167,Extremely Bearish,BR,BGVBVBW
29-Dec-2000,5520.0,5750.0,5432.25,5694.1,White,55,87,174.1000000000004,54,VB,VB,VB,VB,Positive,174,Extremely Bullish,BL,VBVBVBW
25-Jan-2001,6801.05,6839.9,6650.35,6787.1,Black,38,136,13.949999999999818,58,VB,VS,BG,VB,Negative,49,Extremely Bearish,BR,BGVBVSB
04-Apr-2001,3950.0,3950.0,3830.0,3914.4,Black,0,84,35.5999999999999,43,VB,VB,TNY,VB,Negative,169,Extremely Bearish,BR,TNYVBVBB
19-Apr-2001,3790.0,4111.7,3640.0,3824.3,White,287,150,34.30000000000018,53,VB,BG,VB,VB,Positive,762,Extremely Bullish,BL,VBVBBGW
20-Apr-2001,3875.0,3994.0,3711.0,3818.55,Black,119,107,56.44999999999982,56,VB,VB,VB,VB,Positive,762,Extremely Bullish,BL,VBVBVBB
09-May-2001,4002.25,4097.0,3830.0,3863.05,Black,94,33,139.19999999999982,34,VB,VB,VB,VB,Positive,41,Extremely Bullish,BL,VBVBVBB
06-Jun-2001,3995.0,3995.0,3780.1,3805.7,Black,0,25,189.30000000000015,61,VB,VB,TNY,SM,Positive,49,Extremely Bullish,BL,TNYSMVBB
07-Jun-2001,3780.0,3899.0,3701.0,3867.25,White,31,79,87.25,40,VB,VB,VB,VB,Positive,249,Extremely Bullish,BL,VBVBVBW
11-Jun-2001,3918.0,3920.0,3786.3,3807.9,Black,2,21,110.09999999999992,25,TNY,VB,TNY,VB,Positive,2,Neutral,NT,TNYVBVBB
19-Jun-2001,3400.0,3488.0,3321.0,3463.9,White,24,79,63.9000000000001,28,VB,VB,VB,VB,Negative,336,Extremely Bearish,BR,VBVBVBW
20-Jun-2001,3450.0,3450.0,3305.15,3363.8,Black,0,58,86.1999999999998,30,VB,VB,TNY,VB,Negative,40,Extremely Bearish,BR,TNYVBVBB
04-Jul-2001,3224.0,3560.0,3224.0,3468.15,White,91,0,244.15000000000006,77,VB,VB,VB,TNY,Negative,280,Extremely Bearish,BR,VBTNYVBW
05-Jul-2001,3515.0,3559.0,3384.0,3485.3,Black,44,101,29.699999999999815,55,VB,BG,VB,VB,Negative,248,Extremely Bearish,BR,VBVBBGB
19-Jul-2001,3640.0,3730.0,3610.5,3697.1,White,32,29,57.0999999999999,36,VB,VB,VB,VB,Positive,66,Extremely Bullish,BL,VBVBVBW
02-Aug-2001,3690.0,3835.0,3665.0,3754.85,White,80,25,64.84999999999991,32,VB,VB,VB,VB,Positive,98,Extremely Bullish,BL,VBVBVBW
20-Sep-2001,2499.0,2509.7,2321.8,2469.35,Black,10,147,29.65000000000009,51,VB,BG,TNY,VB,Negative,147,Extremely Bearish,BR,TNYVBBGB
28-Sep-2001,2445.0,2448.0,2305.0,2367.05,Black,3,62,77.9499999999998,67,VB,VB,TNY,VB,Negative,122,Extremely Bearish,BR,TNYVBVBB
16-Oct-2001,2900.0,2994.0,2850.0,2971.0,White,23,50,71.0,30,VB,VB,VB,VB,Positive,212,Extremely Bullish,BL,VBVBVBW
17-Oct-2001,3000.0,3097.8,2970.0,3005.05,White,92,30,5.050000000000182,33,VB,TNY,VB,VB,Positive,54,Extremely Bullish,BL,VBVBTNYW
01-Nov-2001,2915.35,2990.0,2905.2,2956.35,White,33,10,41.0,29,VB,VB,VB,VS,Negative,60,Extremely Bearish,BR,VBVSVBW
08-Nov-2001,2862.0,2916.7,2825.3,2867.1,White,49,36,5.099999999999909,15,VB,VS,VB,VB,Positive,23,Extremely Bullish,BL,VBVBVSW
26-Nov-2001,3650.0,3908.85,3640.0,3904.9,White,3,10,254.90000000000006,127,VB,VB,TNY,TNY,Positive,395,Extremely Bullish,BL,TNYTNYVBW
28-Dec-2001,3905.25,4064.0,3792.35,4031.9,White,32,112,126.65000000000008,32,VB,VB,VB,VB,Negative,24,Extremely Bearish,BR,VBVBVBW
04-Jan-2002,4380.2,4524.95,4375.0,4484.05,White,40,5,103.85000000000036,99,VB,VB,SM,TNY,Positive,437,Extremely Bullish,BL,SMTNYVBW
11-Jan-2002,4050.0,4150.0,3825.2,3931.55,Black,100,106,118.4499999999998,49,VB,VB,VB,VB,Negative,885,Extremely Bearish,BR,VBVBVBB
30-Jan-2002,3750.0,3750.0,3633.0,3667.75,Black,0,34,82.25,63,VB,VB,TNY,BG,Negative,159,Extremely Bearish,BR,TNYBGVBB
17-Apr-2002,3860.15,3978.0,3860.15,3955.45,White,22,0,95.29999999999971,39,VB,VB,BG,TNY,Positive,57,Extremely Bullish,BL,BGTNYVBW
09-May-2002,3906.0,3950.0,3805.3,3842.7,Black,44,37,63.30000000000018,18,VB,VB,VB,VB,Positive,114,Extremely Bullish,BL,VBVBVBB
16-Jul-2002,3230.0,3274.0,3158.25,3168.6,Black,44,10,61.4000000000001,17,VB,VB,VB,BG,Negative,133,Extremely Bearish,BR,VBBGVBB
18-Jul-2002,3236.0,3236.0,3162.8,3207.6,Black,0,44,28.40000000000009,30,VB,VB,TNY,VB,Negative,39,Extremely Bearish,BR,TNYVBVBB
09-Aug-2002,3139.9,3184.9,3062.3,3162.3,White,22,77,22.40000000000009,19,VB,VB,VB,VB,Positive,32,Extremely Bullish,BL,VBVBVBW
13-Aug-2002,3215.5,3249.0,3208.0,3228.95,White,20,7,13.449999999999818,10,VB,VB,VB,VB,Positive,129,Extremely Bullish,BL,VBVBVBW
26-Aug-2002,3399.0,3519.85,3399.0,3488.55,White,31,0,89.5500000000002,37,VB,VB,VB,TNY,Positive,97,Extremely Bullish,BL,VBTNYVBW
02-Sep-2002,3645.3,3664.0,3561.25,3577.9,Black,18,16,67.40000000000009,38,VB,VB,SM,SM,Positive,151,Extremely Bullish,BL,SMSMVBB
12-Sep-2002,3669.9,3685.0,3627.0,3644.85,Black,15,17,25.050000000000185,21,VB,VB,VB,VB,Positive,112,Extremely Bullish,BL,VBVBVBB
13-Sep-2002,3608.0,3608.0,3556.1,3570.5,Black,0,14,37.5,26,VB,VB,TNY,BG,Negative,31,Extremely Bearish,BR,TNYBGVBB
04-Oct-2002,3465.25,3521.75,3446.2,3500.45,White,21,19,35.19999999999982,39,VB,VB,BG,SM,Positive,94,Extremely Bullish,BL,BGSMVBW
24-Oct-2002,3828.8,3828.8,3761.0,3783.1,Black,0,22,45.70000000000028,20,VB,VB,TNY,VB,Negative,45,Extremely Bearish,BR,TNYVBVBB
25-Nov-2002,4597.7,4605.0,4542.1,4561.65,Black,7,19,36.05000000000018,25,VB,VB,VS,VB,Positive,153,Extremely Bullish,BL,VSVBVBB
16-Dec-2002,4715.0,4715.0,4563.0,4575.05,Black,0,12,139.94999999999982,34,VB,VB,TNY,VS,Negative,105,Extremely Bearish,BR,TNYVSVBB
01-Jan-2003,4780.0,4824.9,4775.1,4799.05,White,25,4,19.050000000000182,24,VB,VB,VB,TNY,Positive,31,Extremely Bullish,BL,VBTNYVBW
02-Jan-2003,4834.0,4838.45,4709.95,4722.45,Black,4,12,111.5500000000002,34,BG,VB,TNY,VS,Negative,19,Very Bearish,BR,TNYVSVBB
03-Jan-2003,4790.0,4824.0,4750.0,4800.3,White,23,40,10.300000000000182,19,VB,BG,VB,VB,Positive,27,Extremely Bullish,BL,VBVBBGW
06-Jan-2003,4833.0,4848.7,4767.0,4802.3,Black,15,35,30.699999999999815,18,TNY,VB,VB,VB,Positive,3,Neutral,NT,VBVBVBB
28-Jan-2003,4299.9,4349.7,4265.0,4307.9,White,41,34,8.0,38,VB,TNY,VB,VB,Negative,119,Extremely Bearish,BR,VBVBTNYW
17-Feb-2003,4261.35,4292.5,4221.25,4260.35,Black,31,39,1.0,16,VB,TNY,VB,VB,Positive,17,Extremely Bullish,BL,VBVBTNYB
07-Mar-2003,4055.0,4063.0,3992.25,4022.1,Black,8,29,32.90000000000009,97,VB,VS,TNY,VS,Negative,130,Extremely Bearish,BR,TNYVSVSB
10-Mar-2003,3585.0,4072.7,3585.0,4038.05,White,34,0,453.0500000000001,96,VB,VB,VS,TNY,Negative,140,Extremely Bearish,BR,VSTNYVBW
20-Mar-2003,4165.0,4400.0,4165.0,4360.9,White,39,0,195.8999999999996,43,VB,VB,VB,TNY,Positive,295,Extremely Bullish,BL,VBTNYVBW
25-Mar-2003,4325.0,4325.0,4235.3,4263.75,Black,0,28,61.25,23,VB,VB,TNY,VB,Negative,148,Extremely Bearish,BR,TNYVBVBB
10-Apr-2003,4100.0,4100.0,3019.0,3049.75,Black,0,30,1050.25,226,VB,VB,TNY,TNY,Negative,1333,Extremely Bearish,BR,TNYTNYVBB
28-Apr-2003,2910.25,2927.0,2870.0,2892.85,Black,16,22,17.40000000000009,35,VS,SM,SM,BG,Positive,9,Bullish Neutral,BL,SMBGSMB
09-Jun-2003,2902.0,2999.0,2880.0,2968.55,White,30,22,66.55000000000018,25,VB,VB,VB,VB,Positive,204,Extremely Bullish,BL,VBVBVBW
15-Jul-2003,3450.0,3475.0,3361.6,3407.05,Black,25,45,42.94999999999982,26,VB,VB,VB,VB,Negative,219,Extremely Bearish,BR,VBVBVBB
21-Aug-2003,3692.3,3744.7,3689.7,3714.45,White,30,2,22.149999999999643,56,VB,SM,BG,TNY,Positive,224,Extremely Bullish,BL,BGTNYSMW
27-Aug-2003,3765.0,3873.8,3728.0,3855.85,White,17,37,90.84999999999992,34,VB,VB,SM,VB,Positive,214,Extremely Bullish,BL,SMVBVBW
28-Aug-2003,3901.25,3939.0,3842.15,3898.8,Black,37,56,2.4499999999998185,22,VB,TNY,VB,VB,Positive,337,Extremely Bullish,BL,VBVBTNYB
11-Sep-2003,4200.0,4317.0,4190.1,4224.55,White,92,9,24.550000000000185,74,VS,VS,VB,TNY,Negative,27,Bearish Neutral,BR,VBTNYVSW
14-Oct-2003,4770.55,4825.0,4701.15,4722.15,Black,54,21,48.400000000000546,38,VB,VB,VB,BG,Positive,275,Extremely Bullish,BL,VBBGVBB
16-Oct-2003,4764.0,4764.0,4586.0,4630.65,Black,0,44,133.35000000000036,81,VB,VB,TNY,BG,Negative,117,Extremely Bearish,BR,TNYBGVBB
21-Oct-2003,4800.0,4800.0,4521.0,4551.9,Black,0,30,248.10000000000042,151,SM,VB,TNY,TNY,Negative,78,,NT,TNYTNYVBB
25-Oct-2003,4598.45,4674.0,4562.0,4575.65,Black,75,13,22.800000000000185,33,VB,VB,VB,SM,Positive,62,Extremely Bullish,BL,VBSMVBB
17-Nov-2003,4623.0,4675.0,4590.0,4623.95,White,51,33,0.949999999999818,25,VB,TNY,VB,VB,Negative,123,Extremely Bearish,BR,VBVBTNYW
15-Dec-2003,5050.0,5158.0,5050.0,5139.2,White,18,0,89.1999999999998,72,VB,VB,VS,TNY,Positive,172,Extremely Bullish,BL,VSTNYVBW
07-Jan-2004,5748.0,5797.0,5593.25,5693.2,Black,49,99,54.80000000000018,77,VS,VB,BG,VB,Positive,26,Bullish Neutral,BL,BGVBVBB
13-Feb-2004,5368.0,5429.0,5325.0,5376.2,White,52,43,8.199999999999818,25,VB,VS,VB,VB,Negative,131,Extremely Bearish,BR,VBVBVSW
19-Feb-2004,5350.0,5350.0,5082.0,5106.3,Black,0,24,243.69999999999985,42,VB,VB,TNY,BG,Negative,249,Extremely Bearish,BR,TNYBGVBB
24-Feb-2004,5059.9,5114.0,4926.0,5043.85,Black,54,117,16.049999999999272,143,SM,TNY,SM,VB,Negative,62,,NT,SMVBTNYB
01-Mar-2004,5098.0,5330.0,5098.0,5319.35,White,10,0,221.35000000000042,65,VB,VB,TNY,TNY,Positive,352,Extremely Bullish,BL,TNYTNYVBW
03-Mar-2004,5300.0,5313.0,5150.0,5185.0,Black,13,35,115.0,53,VB,VB,VS,BG,Positive,299,Extremely Bullish,BL,VSBGVBB
12-Mar-2004,4885.0,5124.0,4775.0,5037.0,White,87,110,152.0,67,VB,VB,VB,VB,Positive,52,Extremely Bullish,BL,VBVBVBW
15-Mar-2004,5152.55,5184.0,4900.0,4940.45,Black,31,40,212.10000000000042,69,BG,VB,SM,BG,Positive,38,Very Bullish,BL,SMBGVBB
17-Mar-2004,4975.0,5119.7,4975.0,5042.85,White,76,0,67.85000000000036,87,TNY,VB,VB,TNY,Positive,5,Neutral,NT,VBTNYVBW
19-Apr-2004,5400.0,5400.0,5317.1,5360.95,Black,0,43,39.05000000000018,19,VB,VB,TNY,VB,Positive,24,Extremely Bullish,BL,TNYVBVBB
04-May-2004,5225.0,5274.0,5194.0,5219.95,Black,49,25,5.050000000000182,10,VB,SM,VB,VB,Positive,181,Extremely Bullish,BL,VBVBSMB
18-May-2004,4747.0,4972.1,4651.3,4880.95,White,91,95,133.94999999999982,45,VB,VB,VB,VB,Negative,312,Extremely Bearish,BR,VBVBVBW
04-Jun-2004,5200.0,5242.0,5152.0,5217.35,White,24,48,17.350000000000364,19,VB,VB,VB,VB,Negative,70,Extremely Bearish,BR,VBVBVBW
15-Jul-2004,1424.4,1448.9,1418.3,1443.45,White,5,6,19.04999999999995,11,VB,VB,SM,BG,Positive,67,Extremely Bullish,BL,SMBGVBW
30-Jul-2004,1541.1,1565.0,1530.0,1553.5,White,11,11,12.400000000000093,9,VB,VB,VB,VB,Positive,74,Extremely Bullish,BL,VBVBVBW
02-Aug-2004,1550.0,1566.3,1550.0,1556.0,White,10,0,6.0,9,VB,BG,VB,TNY,Positive,47,Extremely Bullish,BL,VBTNYBGW
08-Oct-2004,1708.0,1729.4,1701.0,1708.05,White,21,7,0.049999999999954525,6,VB,TNY,VB,VB,Negative,12,Extremely Bearish,BR,VBVBTNYW
08-Nov-2004,2000.0,2068.7,2000.0,2017.8,White,50,0,17.79999999999995,7,VB,VB,VB,TNY,Positive,56,Extremely Bullish,BL,VBTNYVBW
22-Nov-2004,2049.0,2049.0,2006.0,2028.0,Black,0,22,21.0,3,VB,VB,TNY,VB,Negative,48,Extremely Bearish,BR,TNYVBVBB
07-Dec-2004,1990.0,2063.8,1990.0,2039.9,White,23,0,49.9000000000001,11,VB,VB,VB,TNY,Negative,40,Extremely Bearish,BR,VBTNYVBW
08-Dec-2004,2024.4,2045.0,2020.0,2031.4,White,13,4,7.0,7,VB,VB,VB,BG,Negative,19,Extremely Bearish,BR,VBBGVBW
16-Dec-2004,2100.0,2132.0,2084.0,2120.35,White,11,16,20.34999999999991,6,VB,VB,VB,VB,Positive,82,Extremely Bullish,BL,VBVBVBW
23-Dec-2004,2021.0,2084.0,2021.0,2066.1,White,17,0,45.0999999999999,9,VB,VB,VB,TNY,Negative,47,Extremely Bearish,BR,VBTNYVBW
11-Jan-2005,1990.0,2022.7,1951.1,1971.65,Black,32,20,18.34999999999991,32,VB,BG,VB,BG,Negative,72,Extremely Bearish,BR,VBBGBGB
13-Jan-2005,2050.05,2050.05,1930.0,1968.35,Black,0,38,81.70000000000027,21,VB,VB,TNY,VB,Negative,26,Extremely Bearish,BR,TNYVBVBB
01-Apr-2005,2259.9,2259.9,2212.35,2235.85,Black,0,23,24.050000000000185,10,VB,VB,TNY,VB,Positive,69,Extremely Bullish,BL,TNYVBVBB
27-Apr-2005,1915.0,1935.0,1878.0,1914.15,Black,20,36,0.849999999999909,7,VB,TNY,VB,VB,Negative,85,Extremely Bearish,BR,VBVBTNYB
12-May-2005,2062.7,2066.0,2041.0,2061.15,Black,3,20,1.5499999999997272,10,VB,TNY,VS,VB,Negative,35,Extremely Bearish,BR,VSVBTNYB
09-Jun-2005,2277.65,2290.0,2227.1,2236.75,Black,12,9,40.9000000000001,13,VB,VB,VB,VB,Positive,20,Extremely Bullish,BL,VBVBVBB
01-Jul-2005,2345.0,2366.0,2328.2,2351.05,White,14,16,6.050000000000183,17,VB,VS,VB,VB,Positive,58,Extremely Bullish,BL,VBVBVSW
05-Jul-2005,2390.0,2399.0,2320.15,2330.3,Black,9,10,59.69999999999982,17,VB,VB,BG,BG,Negative,27,Extremely Bearish,BR,BGBGVBB
20-Jul-2005,2264.7,2264.7,2231.0,2233.3,Black,0,2,31.399999999999643,17,VB,VB,TNY,TNY,Positive,37,Extremely Bullish,BL,TNYTNYVBB
22-Jul-2005,2212.0,2248.0,2177.15,2238.75,White,9,34,26.75,5,VB,VB,VB,VB,Negative,17,Extremely Bearish,BR,VBVBVBW
09-Aug-2005,2250.25,2288.7,2250.25,2264.1,White,24,0,13.849999999999907,17,VB,VB,VB,TNY,Negative,49,Extremely Bearish,BR,VBTNYVBW
13-Sep-2005,2434.0,2450.0,2416.6,2446.3,White,3,17,12.300000000000182,3,VB,VB,VB,VB,Positive,23,Extremely Bullish,BL,VBVBVBW
14-Sep-2005,2442.6,2472.0,2420.0,2445.7,White,26,22,3.0999999999999086,2,VB,VB,VB,VB,Positive,28,Extremely Bullish,BL,VBVBVBW
19-Oct-2005,2515.0,2524.0,2471.0,2503.7,Black,9,32,11.300000000000182,12,VB,VB,VB,VB,Negative,97,Extremely Bearish,BR,VBVBVBB
25-Nov-2005,2725.0,2760.0,2708.0,2740.5,White,19,17,15.5,5,VB,VB,VB,VB,Positive,63,Extremely Bullish,BL,VBVBVBW
27-Dec-2005,2955.0,2999.95,2921.1,2994.4,White,5,33,39.4000000000001,10,VB,VB,SM,VB,Positive,11,Extremely Bullish,BL,SMVBVBW
18-Jan-2006,2770.0,2770.0,2700.1,2739.9,Black,0,39,30.09999999999991,27,VB,VB,TNY,VB,Negative,104,Extremely Bearish,BR,TNYVBVBB
19-Jan-2006,2750.0,2838.7,2750.0,2820.9,White,17,0,70.90000000000009,31,VB,VB,BG,TNY,Positive,40,Extremely Bullish,BL,BGTNYVBW
27-Feb-2006,2770.0,2858.55,2767.35,2850.55,White,8,2,80.5500000000002,36,VB,VB,TNY,TNY,Positive,50,Extremely Bullish,BL,TNYTNYVBW
28-Feb-2006,2858.55,2888.0,2802.55,2828.95,Black,29,26,29.600000000000364,29,VB,VB,VB,VB,Positive,34,Extremely Bullish,BL,VBVBVBB
06-Mar-2006,2824.0,2876.9,2820.0,2855.0,White,21,4,31.0,21,VB,VB,VB,TNY,Negative,50,Extremely Bearish,BR,VBTNYVBW
09-May-2006,3217.0,3263.0,3181.15,3237.15,White,25,35,20.15000000000009,7,VB,VB,VB,VB,Positive,25,Extremely Bullish,BL,VBVBVBW
12-May-2006,3235.0,3285.0,3191.0,3242.3,White,42,44,7.300000000000183,10,SM,VB,VB,VB,Positive,5,,NT,VBVBVBW
22-May-2006,3024.7,3097.7,2775.0,2823.7,Black,73,48,201.0,51,VB,VB,VB,VB,Negative,384,Extremely Bearish,BR,VBVBVBB
06-Jun-2006,2800.0,2843.95,2745.55,2765.4,Black,43,19,34.59999999999991,33,VB,VB,VB,BG,Negative,64,Extremely Bearish,BR,VBBGVBB
07-Jun-2006,2754.0,2790.0,2700.0,2763.25,White,26,54,9.25,34,VB,VS,VB,VB,Negative,122,Extremely Bearish,BR,VBVBVSW
03-Jul-2006,3085.0,3160.0,3062.35,3154.35,White,5,22,69.34999999999991,15,VB,VB,VS,VB,Positive,179,Extremely Bullish,BL,VSVBVBW
05-Jul-2006,3180.0,3204.3,3111.05,3194.1,White,10,68,14.099999999999907,16,VB,VB,BG,VB,Positive,115,Extremely Bullish,BL,BGVBVBW
06-Jul-2006,3146.1,3190.0,3125.0,3163.85,White,26,21,17.75,22,SM,VB,VB,VB,Positive,9,,NT,VBVBVBW
27-Jul-2006,1645.0,1667.4,1625.5,1658.35,White,9,19,13.349999999999907,8,VB,VB,VB,VB,Positive,47,Extremely Bullish,BL,VBVBVBW
21-Sep-2006,1840.0,1850.0,1827.65,1838.1,Black,10,10,1.900000000000091,3,VB,BG,VB,VB,Positive,20,Extremely Bullish,BL,VBVBBGB
22-Sep-2006,1824.0,1838.0,1811.35,1830.0,White,8,12,6.0,3,VB,VB,VB,VB,Positive,13,Extremely Bullish,BL,VBVBVBW
26-Sep-2006,1835.0,1846.6,1821.0,1839.85,White,6,14,4.849999999999909,7,TNY,VB,VB,VB,Positive,1,Neutral,NT,VBVBVBW
18-Oct-2006,2060.15,2098.8,2060.0,2073.3,White,25,0,13.150000000000093,9,VB,VB,VB,TNY,Negative,15,Extremely Bearish,BR,VBTNYVBW
20-Oct-2006,2090.0,2090.0,2055.0,2064.1,Black,0,9,25.90000000000009,20,VS,VB,TNY,SM,Negative,6,Bearish Neutral,BR,TNYSMVBB
11-Dec-2006,2210.0,2235.0,2167.55,2194.8,Black,25,27,15.199999999999818,13,VB,VB,VB,VB,Negative,54,Extremely Bearish,BR,VBVBVBB
02-Jan-2007,2253.0,2297.0,2238.1,2272.65,White,24,14,19.65000000000009,15,VB,VB,VB,VB,Positive,20,Extremely Bullish,BL,VBVBVBW
01-Feb-2007,2250.0,2275.0,2238.35,2268.95,White,6,11,18.949999999999818,9,VB,VB,BG,VB,Positive,27,Extremely Bullish,BL,BGVBVBW
02-Mar-2007,2173.6,2179.0,2075.0,2093.5,Black,5,18,80.09999999999991,47,VB,VB,TNY,SM,Negative,93,Extremely Bearish,BR,TNYSMVBB
04-Apr-2007,1980.0,1999.85,1950.2,1994.3,White,5,29,14.299999999999955,22,VB,BG,VS,VB,Negative,24,Extremely Bearish,BR,VSVBBGW
05-Apr-2007,1990.0,1999.9,1945.65,1992.3,White,7,44,2.2999999999999545,21,VB,TNY,VS,VB,Positive,69,Extremely Bullish,BL,VSVBTNYW
09-Apr-2007,1960.0,2054.0,1960.0,2047.55,White,6,0,87.54999999999997,29,VB,VB,TNY,TNY,Positive,82,Extremely Bullish,BL,TNYTNYVBW
08-May-2007,2030.0,2035.0,1995.15,2002.25,Black,5,7,27.75,16,VB,VB,VS,SM,Negative,79,Extremely Bearish,BR,VSSMVBB
10-May-2007,2009.0,2014.7,1970.0,1974.2,Black,5,4,34.799999999999955,15,VB,VB,VS,VS,Negative,67,Extremely Bearish,BR,VSVSVBB
01-Jun-2007,1933.0,1949.9,1932.0,1938.55,White,11,1,5.5499999999999545,14,VB,SM,VB,TNY,Negative,15,Extremely Bearish,BR,VBTNYSMW
05-Jun-2007,1920.0,1950.0,1908.0,1943.2,White,6,12,23.20000000000005,24,VB,VB,VS,SM,Positive,19,Extremely Bullish,BL,VSSMVBW
13-Jun-2007,1715.0,1999.0,1715.0,1988.75,White,10,0,273.75,50,VB,VB,TNY,TNY,Positive,37,Extremely Bullish,BL,TNYTNYVBW
29-Jun-2007,1950.0,1970.0,1920.0,1929.05,Black,20,9,20.95000000000005,7,VB,VB,VB,VB,Positive,6,Extremely Bullish,BL,VBVBVBB
18-Jul-2007,1941.1,1954.5,1935.2,1944.55,White,9,5,3.450000000000045,13,VS,VS,VB,SM,Positive,4,Bullish Neutral,BL,VBSMVSW
20-Jul-2007,2000.0,2019.0,1970.55,1986.25,Black,19,15,13.75,11,VB,VB,VB,VB,Positive,47,Extremely Bullish,BL,VBVBVBB
25-Jul-2007,1976.0,2010.0,1945.0,1988.85,White,21,31,12.849999999999907,11,TNY,VB,VB,VB,Positive,2,Neutral,NT,VBVBVBW
17-Sep-2007,1854.0,1854.9,1792.5,1804.8,Black,0,12,49.200000000000045,14,VB,VB,TNY,VB,Negative,17,Extremely Bearish,BR,TNYVBVBB
21-Sep-2007,1850.0,1855.0,1752.1,1825.9,Black,5,73,24.09999999999991,21,VB,VB,VS,VB,Positive,21,Extremely Bullish,BL,VSVBVBB
03-Oct-2007,1920.0,2014.9,1910.0,2001.55,White,13,10,81.54999999999995,16,VB,VB,VB,BG,Positive,85,Extremely Bullish,BL,VBBGVBW
17-Oct-2007,1800.0,1908.0,1785.0,1890.3,White,17,15,90.29999999999997,19,VB,VB,VB,VB,Negative,39,Extremely Bearish,BR,VBVBVBW
18-Oct-2007,1900.0,1950.0,1856.8,1890.0,Black,50,33,10.0,9,VB,VB,VB,VB,Negative,37,Extremely Bearish,BR,VBVBVBB
26-Oct-2007,1835.0,1855.0,1824.0,1848.25,White,6,11,13.25,14,VB,VB,SM,VB,Negative,35,Extremely Bearish,BR,SMVBVBW
13-Nov-2007,1625.0,1693.1,1607.0,1627.15,White,65,18,2.150000000000091,15,VB,TNY,VB,VB,Negative,89,Extremely Bearish,BR,VBVBTNYW
30-Nov-2007,1585.0,1625.0,1571.2,1602.5,White,22,13,17.5,7,VB,VB,VB,VB,Positive,28,Extremely Bullish,BL,VBVBVBW
08-Feb-2008,1480.0,1577.0,1479.0,1552.35,White,24,1,72.34999999999991,17,VB,VB,VB,TNY,Negative,56,Extremely Bearish,BR,VBTNYVBW
25-Feb-2008,1598.8,1623.85,1583.0,1615.15,White,8,15,16.350000000000136,16,VB,VB,SM,VB,Positive,46,Extremely Bullish,BL,SMVBVBW
16-Apr-2008,1525.0,1615.0,1520.0,1600.2,White,14,5,75.20000000000005,24,VB,VB,BG,TNY,Positive,147,Extremely Bullish,BL,BGTNYVBW
05-May-2008,1787.0,1810.0,1764.15,1785.95,Black,23,21,1.0499999999999543,10,VB,TNY,VB,VB,Positive,36,Extremely Bullish,BL,VBVBTNYB
16-May-2008,1897.0,1915.25,1860.05,1871.4,Black,18,11,25.59999999999991,7,VB,VB,VB,VB,Positive,122,Extremely Bullish,BL,VBVBVBB
26-May-2008,1810.0,1895.0,1791.0,1885.05,White,9,19,75.04999999999995,18,VB,VB,SM,VB,Positive,14,Extremely Bullish,BL,SMVBVBW
13-Jun-2008,1891.0,1914.9,1855.15,1866.65,Black,23,11,24.34999999999991,18,BG,VB,VB,BG,Positive,12,Very Bullish,BL,VBBGVBB
03-Jul-2008,1801.25,1801.25,1732.0,1743.05,Black,0,11,58.200000000000045,18,VS,VB,TNY,BG,Positive,6,Bullish Neutral,BL,TNYBGVBB
07-Jul-2008,1780.0,1825.0,1775.0,1799.8,White,25,5,19.79999999999995,29,VB,VB,VB,TNY,Negative,20,Extremely Bearish,BR,VBTNYVBW
15-Jul-2008,1535.0,1579.0,1503.0,1544.65,White,34,32,9.650000000000091,9,VB,VB,VB,VB,Negative,260,Extremely Bearish,BR,VBVBVBW
21-Jul-2008,1534.0,1583.7,1525.1,1561.3,White,22,8,27.29999999999995,14,VB,VB,VB,BG,Positive,13,Extremely Bullish,BL,VBBGVBW
05-Aug-2008,1658.85,1695.55,1618.1,1678.55,White,17,40,19.70000000000005,8,VB,VB,VB,VB,Positive,95,Extremely Bullish,BL,VBVBVBW
19-Aug-2008,1711.0,1714.7,1683.35,1692.75,Black,3,9,18.25,16,VB,VB,TNY,BG,Positive,66,Extremely Bullish,BL,TNYBGVBB
25-Aug-2008,1740.0,1745.0,1701.0,1706.45,Black,5,5,33.549999999999955,10,VB,VB,SM,SM,Positive,7,Extremely Bullish,BL,SMSMVBB
08-Sep-2008,1753.0,1762.0,1735.35,1750.05,Black,9,14,2.950000000000045,3,VB,VB,VB,VB,Negative,25,Extremely Bearish,BR,VBVBVBB
26-Sep-2008,1502.0,1506.85,1436.05,1446.9,Black,4,10,55.0999999999999,22,VB,VB,TNY,SM,Negative,97,Extremely Bearish,BR,TNYSMVBB
29-Sep-2008,1445.1,1452.0,1366.0,1393.3,Black,6,27,51.79999999999996,20,VB,VB,VS,VB,Negative,131,Extremely Bearish,BR,VSVBVBB
23-Oct-2008,1279.0,1358.4,1235.65,1283.25,White,75,43,4.25,5,VB,VB,VB,VB,Negative,11,Extremely Bearish,BR,VBVBVBW
05-Nov-2008,1349.0,1395.0,1303.1,1322.0,Black,46,18,27.0,22,VB,VB,VB,VB,Negative,66,Extremely Bearish,BR,VBVBVBB
07-Nov-2008,1235.0,1290.0,1202.15,1262.8,White,27,32,27.79999999999995,29,VB,VB,VB,VB,Negative,69,Extremely Bearish,BR,VBVBVBW
18-Nov-2008,1220.0,1220.0,1170.0,1180.5,Black,0,10,39.5,21,VB,VB,TNY,SM,Negative,78,Extremely Bearish,BR,TNYSMVBB
21-Nov-2008,1120.0,1200.0,1090.0,1184.65,White,15,30,64.65000000000009,19,TNY,VB,VB,VB,Positive,4,Neutral,NT,VBVBVBW
03-Dec-2008,1204.0,1222.0,1140.0,1156.55,Black,18,16,47.450000000000045,19,VB,VB,VB,VB,Negative,87,Extremely Bearish,BR,VBVBVBB
05-Dec-2008,1192.0,1192.0,1122.6,1134.5,Black,0,11,57.5,16,VB,VB,TNY,VB,Negative,73,Extremely Bearish,BR,TNYVBVBB
18-Dec-2008,1145.0,1184.4,1145.0,1177.05,White,7,0,32.049999999999955,7,VB,VB,VB,TNY,Positive,74,Extremely Bullish,BL,VBTNYVBW
06-Jan-2009,1180.0,1190.0,1145.35,1168.55,Black,10,23,11.450000000000045,7,VB,VB,VB,VB,Positive,20,Extremely Bullish,BL,VBVBVBB
15-Jan-2009,1260.0,1263.9,1215.0,1251.7,Black,3,36,8.299999999999955,4,VB,VB,VB,VB,Positive,92,Extremely Bullish,BL,VBVBVBB
03-Feb-2009,1286.0,1302.0,1260.6,1282.5,Black,16,21,3.5,9,VB,SM,VB,VB,Negative,27,Extremely Bearish,BR,VBVBSMB
17-Feb-2009,1208.0,1218.8,1165.0,1173.95,Black,10,8,34.049999999999955,11,VB,VB,VB,VB,Negative,80,Extremely Bearish,BR,VBVBVBB
18-Feb-2009,1178.5,1188.0,1115.35,1178.8,White,9,63,0.2999999999999545,11,VB,TNY,VB,VB,Negative,72,Extremely Bearish,BR,VBVBTNYW
04-Mar-2009,1201.0,1217.0,1180.0,1199.2,Black,16,19,1.7999999999999543,9,VB,TNY,VB,VB,Negative,32,Extremely Bearish,BR,VBVBTNYB
12-May-2009,1505.0,1605.0,1503.6,1598.45,White,6,1,93.45000000000003,24,VB,VB,VS,TNY,Positive,45,Extremely Bullish,BL,VSTNYVBW
02-Jun-2009,1699.85,1708.0,1663.0,1688.65,Black,8,25,11.199999999999818,15,VB,VB,BG,VB,Positive,109,Extremely Bullish,BL,BGVBVBB
08-Jun-2009,1698.0,1752.0,1692.0,1742.1,White,9,6,44.0999999999999,31,VB,VB,VS,TNY,Positive,100,Extremely Bullish,BL,VSTNYVBW
07-Aug-2009,2058.0,2058.0,2025.05,2039.65,Black,0,14,18.34999999999991,12,VS,VB,TNY,VB,Negative,4,Bearish Neutral,BR,TNYVBVBB
17-Aug-2009,2025.05,2025.05,1971.25,1982.5,Black,0,11,42.54999999999996,14,VB,VB,TNY,VB,Negative,60,Extremely Bearish,BR,TNYVBVBB
30-Sep-2009,2264.0,2325.0,2264.0,2306.4,White,18,0,42.4000000000001,12,VB,VB,VB,TNY,Positive,21,Extremely Bullish,BL,VBTNYVBW
23-Oct-2009,2230.0,2275.0,2212.15,2260.0,White,15,17,30.0,11,VB,VB,VB,VB,Positive,71,Extremely Bullish,BL,VBVBVBW
04-Nov-2009,2159.0,2260.0,2159.0,2237.15,White,22,0,78.15000000000009,15,VB,VB,VB,TNY,Positive,28,Extremely Bullish,BL,VBTNYVBW
05-Nov-2009,2226.15,2242.25,2164.85,2221.65,Black,16,56,4.5,10,VB,SM,VB,VB,Positive,15,Extremely Bullish,BL,VBVBSMB
26-Nov-2009,2445.0,2445.4,2367.0,2393.45,Black,0,26,51.55000000000018,19,VB,VB,TNY,VB,Negative,13,Extremely Bearish,BR,TNYVBVBB
30-Nov-2009,2352.6,2392.9,2350.25,2379.35,White,13,2,26.75,13,VB,VB,VB,TNY,Negative,59,Extremely Bearish,BR,VBTNYVBW
29-Jan-2010,2452.4,2500.0,2404.8,2475.5,White,24,47,23.09999999999991,15,VB,VB,VB,VB,Negative,66,Extremely Bearish,BR,VBVBVBW
20-Apr-2010,2765.5,2789.95,2720.0,2727.3,Black,24,7,38.19999999999982,12,VB,VB,VB,BG,Negative,74,Extremely Bearish,BR,VBBGVBB
27-Apr-2010,2729.1,2742.4,2726.4,2737.45,White,4,2,8.349999999999909,7,VB,VB,BG,VS,Positive,19,Extremely Bullish,BL,BGVSVBW
28-Apr-2010,2710.1,2731.95,2691.1,2699.5,Black,21,8,10.599999999999909,8,VB,VB,VB,VB,Negative,27,Extremely Bearish,BR,VBVBVBB
06-May-2010,2690.3,2690.3,2645.55,2658.15,Black,0,12,32.15000000000009,16,VB,VB,TNY,VB,Negative,36,Extremely Bearish,BR,TNYVBVBB
11-May-2010,2669.8,2674.5,2636.0,2660.75,Black,4,24,9.050000000000182,16,TNY,BG,VS,VB,Positive,2,Neutral,NT,VSVBBGB
19-May-2010,2626.0,2652.35,2593.45,2602.85,Black,26,9,23.15000000000009,8,VB,VB,VB,VB,Negative,49,Extremely Bearish,BR,VBVBVBB
17-Jun-2010,2776.0,2783.8,2736.0,2764.85,Black,7,28,11.150000000000093,16,VB,VB,SM,VB,Positive,18,Extremely Bullish,BL,SMVBVBB
15-Jul-2010,2748.95,2776.0,2740.0,2759.6,White,16,8,10.650000000000091,9,VB,VB,VB,VB,Negative,136,Extremely Bearish,BR,VBVBVBW
04-Aug-2010,2790.0,2892.0,2790.0,2874.5,White,17,0,84.5,17,VB,VB,VB,TNY,Positive,86,Extremely Bullish,BL,VBTNYVBW
18-Aug-2010,2765.1,2819.5,2758.15,2807.25,White,12,6,42.1500000000001,16,VB,VB,VB,VS,Positive,30,Extremely Bullish,BL,VBVSVBW
20-Aug-2010,2803.0,2803.0,2754.0,2769.6,Black,0,15,33.40000000000009,13,VB,VB,TNY,VB,Positive,19,Extremely Bullish,BL,TNYVBVBB
01-Oct-2010,3051.0,3110.05,3026.3,3102.15,White,7,24,51.1500000000001,13,VB,VB,BG,VB,Positive,85,Extremely Bullish,BL,BGVBVBW
12-Oct-2010,3072.0,3084.95,3050.3,3075.2,White,9,21,3.199999999999818,31,VB,TNY,VS,VB,Positive,21,Extremely Bullish,BL,VSVBTNYW
20-Oct-2010,3009.8,3044.6,2990.0,3018.6,White,26,19,8.799999999999727,18,VB,SM,VB,VB,Negative,57,Extremely Bearish,BR,VBVBSMW
05-Nov-2010,3083.95,3092.0,3070.9,3081.65,Black,8,10,2.299999999999727,18,VB,TNY,SM,BG,Positive,54,Extremely Bullish,BL,SMBGTNYB
18-Nov-2010,2989.0,3031.85,2958.65,3003.95,White,27,30,14.949999999999818,18,VS,VB,VB,VB,Positive,6,Bullish Neutral,BL,VBVBVBW
09-Dec-2010,3145.0,3182.1,3141.15,3151.45,White,30,3,6.449999999999817,2,VB,VB,VB,VB,Positive,8,Extremely Bullish,BL,VBVBVBW
07-Jan-2011,3463.35,3495.0,3356.35,3370.75,Black,31,14,92.59999999999992,22,VB,VB,VB,BG,Negative,110,Extremely Bearish,BR,VBBGVBB
31-Jan-2011,3138.5,3138.5,3086.2,3117.7,Black,0,31,20.800000000000182,13,VB,VB,TNY,VB,Negative,141,Extremely Bearish,BR,TNYVBVBB
02-Feb-2011,3113.0,3164.0,3065.0,3089.25,Black,51,24,23.75,14,VB,VB,VB,VB,Negative,78,Extremely Bearish,BR,VBVBVBB
09-Mar-2011,3120.0,3132.8,3071.0,3095.5,Black,12,24,24.5,15,VB,VB,VB,VB,Positive,33,Extremely Bullish,BL,VBVBVBB
06-Apr-2011,3279.0,3299.0,3252.05,3275.15,Black,20,23,3.8499999999999086,11,VB,VS,VB,VB,Positive,57,Extremely Bullish,BL,VBVBVSB
18-Apr-2011,2919.0,2967.0,2880.0,2906.1,Black,48,26,12.900000000000093,7,VB,VB,VB,VB,Negative,335,Extremely Bearish,BR,VBVBVBB
10-May-2011,2907.7,2924.9,2872.0,2880.05,Black,17,8,27.649999999999643,10,VB,VB,VB,VB,Negative,12,Extremely Bearish,BR,VBVBVBB
18-May-2011,2850.0,2882.35,2803.0,2842.5,Black,32,39,7.5,5,VB,VB,VB,VB,Negative,35,Extremely Bearish,BR,VBVBVBB
19-May-2011,2859.7,2859.7,2835.6,2846.45,Black,0,10,13.25,5,BG,VB,TNY,VB,Negative,3,Very Bearish,BR,TNYVBVBB
08-Jun-2011,2889.0,2892.2,2867.25,2871.7,Black,3,4,17.300000000000182,10,VB,VB,VS,SM,Positive,55,Extremely Bullish,BL,VSSMVBB
28-Jul-2011,2765.0,2773.9,2734.5,2751.1,Black,8,16,13.900000000000093,18,VB,VB,SM,VB,Negative,56,Extremely Bearish,BR,SMVBVBB
09-Aug-2011,2351.0,2439.95,2350.2,2374.55,White,65,0,23.550000000000185,20,VB,VB,VB,TNY,Negative,216,Extremely Bearish,BR,VBTNYVBW
22-Aug-2011,2213.9,2245.1,2175.0,2194.6,Black,31,19,19.300000000000182,27,VB,VB,VB,VB,Negative,254,Extremely Bearish,BR,VBVBVBB
28-Sep-2011,2480.0,2540.0,2452.5,2470.25,Black,60,17,9.75,13,VB,VB,VB,VB,Positive,131,Extremely Bullish,BL,VBVBVBB
17-Oct-2011,2761.1,2764.9,2720.2,2746.55,Black,3,26,14.549999999999725,11,VB,VB,VS,VB,Positive,67,Extremely Bullish,BL,VSVBVBB
26-Oct-2011,2861.9,2869.95,2831.4,2838.65,Black,8,7,23.25,15,VB,VB,BG,SM,Positive,71,Extremely Bullish,BL,BGSMVBB
11-Nov-2011,2610.7,2807.7,2610.7,2775.7,White,32,0,165.0,26,VB,VB,VB,TNY,Negative,50,Extremely Bearish,BR,VBTNYVBW
21-Nov-2011,2720.0,2734.85,2626.3,2670.1,Black,14,43,49.9000000000001,31,VB,VB,SM,VB,Negative,108,Extremely Bearish,BR,SMVBVBB
25-Nov-2011,2655.0,2655.0,2591.0,2599.7,Black,0,8,55.30000000000018,17,VB,VB,TNY,SM,Negative,124,Extremely Bearish,BR,TNYSMVBB
27-Dec-2011,2765.0,2799.0,2736.25,2759.4,Black,34,23,5.599999999999909,8,VB,VB,VB,VB,Positive,38,Extremely Bullish,BL,VBVBVBB
05-Jan-2012,2839.2,2876.0,2831.45,2840.15,White,35,7,0.9500000000002728,3,VB,VS,VB,VB,Positive,31,Extremely Bullish,BL,VBVBVSW
07-Jan-2012,2838.9,2851.5,2828.05,2835.2,Black,12,7,3.700000000000273,8,VB,SM,VB,VB,Negative,19,Extremely Bearish,BR,VBVBSMB
09-Feb-2012,2749.0,2822.1,2731.85,2809.9,White,12,17,60.9000000000001,15,VB,VB,VB,VB,Positive,32,Extremely Bullish,BL,VBVBVBW
02-Mar-2012,2865.0,2865.0,2813.1,2845.7,Black,0,32,19.300000000000182,18,VB,VB,TNY,VB,Negative,26,Extremely Bearish,BR,TNYVBVBB
16-Mar-2012,2905.0,2913.0,2847.15,2864.95,Black,8,17,40.05000000000018,19,VS,VB,SM,VB,Positive,5,Bullish Neutral,BL,SMVBVBB
19-Mar-2012,2895.0,2900.0,2811.3,2837.5,Black,5,26,57.5,20,VB,VB,VS,VB,Negative,41,Extremely Bearish,BR,VSVBVBB
20-Jun-2012,2480.0,2485.0,2452.95,2470.1,Black,5,17,9.900000000000091,10,VB,VB,SM,VB,Negative,52,Extremely Bearish,BR,SMVBVBB
30-Jul-2012,2160.0,2215.0,2157.55,2209.7,White,5,2,49.69999999999982,11,VB,VB,SM,TNY,Positive,41,Extremely Bullish,BL,SMTNYVBW
01-Aug-2012,2215.0,2230.4,2200.75,2218.55,White,11,14,3.550000000000182,4,VB,VB,VB,VB,Positive,69,Extremely Bullish,BL,VBVBVBW
10-Aug-2012,2278.0,2321.0,2264.0,2313.05,White,7,14,35.05000000000018,11,VB,VB,BG,VB,Positive,59,Extremely Bullish,BL,BGVBVBW
18-Sep-2012,2580.0,2619.0,2578.0,2600.8,White,18,2,20.800000000000182,14,VB,VB,VB,TNY,Positive,45,Extremely Bullish,BL,VBTNYVBW
21-Sep-2012,2615.35,2650.0,2583.6,2593.3,Black,34,9,22.049999999999727,5,VB,VB,VB,VB,Positive,28,Extremely Bullish,BL,VBVBVBB
16-Nov-2012,2291.0,2387.0,2291.0,2343.35,White,43,0,52.3499999999999,19,VB,VB,VB,TNY,Negative,15,Extremely Bearish,BR,VBTNYVBW
29-Nov-2012,2450.0,2459.25,2426.5,2445.25,Black,9,18,4.75,2,VB,VB,VB,VB,Positive,67,Extremely Bullish,BL,VBVBVBB
24-Dec-2012,2321.1,2328.4,2313.0,2322.3,White,6,8,1.2000000000002728,10,VB,TNY,BG,VB,Positive,26,Extremely Bullish,BL,BGVBTNYW
26-Dec-2012,2323.0,2330.9,2304.35,2315.25,Black,7,10,7.75,10,VB,VB,VB,VB,Positive,15,Extremely Bullish,BL,VBVBVBB
03-Jan-2013,2315.0,2348.85,2311.0,2337.9,White,10,4,22.90000000000009,9,VB,VB,VB,SM,Positive,19,Extremely Bullish,BL,VBSMVBW
04-Jan-2013,2348.4,2354.95,2332.0,2349.55,White,5,16,1.1500000000000907,7,VB,TNY,VB,VB,Positive,40,Extremely Bullish,BL,VBVBTNYW
15-Jan-2013,2806.0,2809.45,2774.5,2787.05,Black,3,12,18.949999999999818,7,VB,VB,SM,VB,Positive,464,Extremely Bullish,BL,SMVBVBB
24-Jan-2013,2810.0,2828.0,2790.75,2798.2,Black,18,7,11.800000000000182,3,VS,VB,VB,VB,Positive,1,Bullish Neutral,BL,VBVBVBB
08-Feb-2013,2783.15,2816.7,2772.25,2789.45,White,27,10,6.299999999999727,8,VB,VB,VB,VB,Positive,33,Extremely Bullish,BL,VBVBVBW
13-Mar-2013,2890.0,2890.0,2850.1,2863.45,Black,0,13,26.550000000000185,6,VB,VB,TNY,VB,Negative,106,Extremely Bearish,BR,TNYVBVBB
11-May-2013,2360.1,2370.0,2351.1,2361.95,White,8,9,1.849999999999909,5,VB,VS,VB,VB,Positive,11,Extremely Bullish,BL,VBVBVSW
14-May-2013,2337.3,2370.8,2337.3,2350.05,White,20,0,12.75,7,VB,VB,VB,TNY,Negative,21,Extremely Bearish,BR,VBTNYVBW
23-May-2013,2376.0,2419.25,2356.15,2359.85,Black,43,3,16.15000000000009,9,VB,VB,VB,VS,Negative,12,Extremely Bearish,BR,VBVSVBB
12-Jun-2013,2462.25,2506.4,2412.85,2421.35,Black,44,8,40.9000000000001,14,VB,VB,VB,BG,Negative,25,Extremely Bearish,BR,VBBGVBB
30-Aug-2013,3092.0,3122.9,3037.5,3105.85,White,17,54,13.849999999999907,16,VB,VB,VB,VB,Positive,49,Extremely Bullish,BL,VBVBVBW
03-Sep-2013,3072.0,3094.5,3016.8,3033.7,Black,22,16,38.30000000000018,29,VB,VB,VB,BG,Negative,70,Extremely Bearish,BR,VBBGVBB
18-Sep-2013,3025.0,3029.25,3005.0,3017.15,Black,4,12,7.849999999999909,6,VB,VB,BG,VB,Negative,10,Extremely Bearish,BR,BGVBVBB
26-Sep-2013,3034.0,3036.85,3001.0,3012.3,Black,2,11,21.699999999999815,8,VB,VB,VS,VB,Negative,7,Extremely Bearish,BR,VSVBVBB
30-Sep-2013,3020.2,3055.0,2997.55,3013.0,Black,34,15,7.199999999999817,4,VB,VB,VB,VB,Positive,3,Extremely Bullish,BL,VBVBVBB
01-Oct-2013,3030.0,3038.3,3003.0,3015.0,Black,8,12,15.0,4,SM,VB,VB,VB,Positive,2,,NT,VBVBVBB
03-Oct-2013,3035.0,3047.0,3020.0,3037.15,White,9,15,2.150000000000091,3,VB,VB,VB,VB,Positive,30,Extremely Bullish,BL,VBVBVBW
11-Oct-2013,3335.0,3338.0,3156.8,3274.5,Black,3,117,60.5,31,VB,VB,TNY,VB,Positive,240,Extremely Bullish,BL,TNYVBVBB
23-Oct-2013,3320.0,3338.8,3279.0,3324.8,White,14,41,4.800000000000182,3,VB,VB,VB,VB,Positive,10,Extremely Bullish,BL,VBVBVBW
25-Nov-2013,3352.0,3378.8,3307.0,3326.0,Black,26,19,26.0,11,VB,VB,VB,VB,Negative,76,Extremely Bearish,BR,VBVBVBB
10-Dec-2013,3335.0,3389.85,3331.55,3370.85,White,19,3,35.8499999999999,10,VB,VB,VB,VS,Positive,19,Extremely Bullish,BL,VBVSVBW
21-Jan-2014,3750.0,3770.0,3718.35,3758.35,White,11,31,8.349999999999909,6,VB,VB,VB,VB,Positive,33,Extremely Bullish,BL,VBVBVBW
19-Feb-2014,3695.65,3762.0,3695.1,3753.4,White,8,0,57.75,15,VB,VB,BG,TNY,Positive,109,Extremely Bullish,BL,BGTNYVBW
26-Feb-2014,3780.0,3817.8,3772.1,3807.5,White,10,7,27.5,21,VB,VB,SM,VS,Positive,56,Extremely Bullish,BL,SMVSVBW
28-Feb-2014,3761.1,3837.15,3761.1,3824.85,White,12,0,63.75,18,VB,VB,BG,TNY,Positive,74,Extremely Bullish,BL,BGTNYVBW
01-Apr-2014,3283.05,3325.0,3275.0,3313.95,White,11,8,30.899999999999643,13,VB,VB,VB,BG,Positive,82,Extremely Bullish,BL,VBBGVBW
09-Apr-2014,3281.05,3309.8,3230.5,3254.55,Black,28,24,26.5,25,VB,VB,VB,VB,Negative,83,Extremely Bearish,BR,VBVBVBB
29-Apr-2014,3183.0,3195.0,3171.0,3177.75,Black,12,6,5.25,8,BG,BG,VB,VB,Positive,5,Very Bullish,BL,VBVBBGB
04-Jun-2014,3015.0,3027.35,2953.5,2984.5,Black,12,31,30.5,13,VB,VB,VB,VB,Positive,45,Extremely Bullish,BL,VBVBVBB
27-Jun-2014,3200.0,3235.6,3172.0,3223.4,White,12,28,23.40000000000009,12,VB,VB,VB,VB,Positive,19,Extremely Bullish,BL,VBVBVBW
17-Jul-2014,3260.1,3345.9,3231.65,3239.3,Black,85,7,20.799999999999727,15,VB,VB,VB,SM,Positive,14,Extremely Bullish,BL,VBSMVBB
24-Jul-2014,3344.0,3395.0,3321.45,3382.25,White,12,22,38.25,18,VB,VB,BG,VB,Positive,181,Extremely Bullish,BL,BGVBVBW
06-Aug-2014,3525.0,3608.35,3525.0,3575.85,White,32,0,50.8499999999999,18,VB,VB,VB,TNY,Positive,234,Extremely Bullish,BL,VBTNYVBW
05-Nov-2014,4085.0,4154.0,4057.0,4124.8,White,29,28,39.80000000000018,19,VB,VB,VB,VB,Positive,178,Extremely Bullish,BL,VBVBVBW
13-Nov-2014,4122.0,4201.05,4112.4,4178.6,White,22,9,56.60000000000037,19,VB,VB,VB,SM,Positive,13,Extremely Bullish,BL,VBSMVBW
12-Dec-2014,1939.05,1960.4,1918.1,1938.65,Black,21,20,0.3999999999998636,5,VB,TNY,VB,VB,Negative,26,Extremely Bearish,BR,VBVBTNYB
18-Dec-2014,1954.0,1981.8,1944.75,1965.9,White,15,9,11.900000000000093,6,VB,VB,VB,VB,Positive,41,Extremely Bullish,BL,VBVBVBW
30-Jan-2015,2161.5,2162.55,2126.95,2141.9,Black,1,14,19.59999999999991,6,VB,VB,TNY,VB,Positive,5,Extremely Bullish,BL,TNYVBVBB
18-Mar-2015,2254.5,2262.85,2222.55,2229.5,Black,8,6,25.0,9,VB,VB,VB,BG,Positive,9,Extremely Bullish,BL,VBBGVBB
09-Apr-2015,2211.4,2218.9,2184.4,2215.0,White,3,27,3.5999999999999086,7,VB,SM,SM,VB,Positive,36,Extremely Bullish,BL,SMVBSMW
29-Apr-2015,1960.9,1972.0,1937.95,1961.15,White,10,22,0.25,12,VB,TNY,VB,VB,Negative,34,Extremely Bearish,BR,VBVBTNYW
07-May-2015,1922.0,1967.1,1910.0,1944.0,White,23,12,22.0,13,VB,VB,VB,VB,Negative,49,Extremely Bearish,BR,VBVBVBW
08-May-2015,1958.0,1967.55,1945.25,1957.95,Black,9,12,0.049999999999954525,11,VS,TNY,VB,VB,Negative,4,Bearish Neutral,BR,VBVBTNYB
25-May-2015,2050.5,2056.55,2007.05,2016.8,Black,6,9,33.700000000000045,18,VB,VB,VS,SM,Negative,30,Extremely Bearish,BR,VSSMVBB
08-Jun-2015,2020.0,2024.65,1987.0,2000.05,Black,4,13,19.95000000000005,15,VB,VB,VS,VB,Negative,20,Extremely Bearish,BR,VSVBVBB
18-Jun-2015,1005.6,1007.95,995.8,1001.95,Black,2,6,3.649999999999977,8,VB,SM,VS,VB,Positive,11,Extremely Bullish,BL,VSVBSMB
19-Jun-2015,1010.3,1010.4,993.1,995.35,Black,0,2,14.94999999999993,11,VS,VB,TNY,TNY,Negative,4,Bearish Neutral,BR,TNYTNYVBB
24-Jul-2015,1095.55,1106.45,1083.1,1087.6,Black,10,4,7.950000000000045,6,VB,VB,VB,BG,Negative,25,Extremely Bearish,BR,VBBGVBB
05-Aug-2015,1062.0,1090.0,1061.95,1086.35,White,3,0,24.34999999999991,8,VB,VB,VS,TNY,Positive,9,Extremely Bullish,BL,VSTNYVBW
31-Aug-2015,1134.85,1134.85,1082.5,1094.4,Black,0,11,40.44999999999982,7,VB,VB,TNY,VB,Positive,29,Extremely Bullish,BL,TNYVBVBB
16-Sep-2015,1108.0,1109.75,1098.3,1101.65,Black,1,3,6.349999999999909,3,VB,VB,VS,VB,Positive,10,Extremely Bullish,BL,VSVBVBB
22-Sep-2015,1115.0,1135.95,1101.1,1107.45,Black,20,6,7.549999999999954,11,SM,VB,VB,BG,Positive,5,,NT,VBBGVBB
29-Oct-2015,1153.1,1155.9,1136.05,1145.05,Black,2,9,8.049999999999955,4,VB,VB,SM,VB,Negative,7,Extremely Bearish,BR,SMVBVBB
30-Oct-2015,1145.0,1145.0,1130.0,1135.45,Black,0,5,9.549999999999956,5,VB,VB,TNY,VB,Negative,13,Extremely Bearish,BR,TNYVBVBB
20-Nov-2015,1048.0,1063.2,1042.05,1052.4,White,10,5,4.400000000000091,4,VB,VB,VB,VB,Negative,9,Extremely Bearish,BR,VBVBVBW
07-Dec-2015,1055.3,1059.0,1040.0,1046.25,Black,3,6,9.049999999999956,5,VB,VB,BG,VB,Negative,14,Extremely Bearish,BR,BGVBVBB
28-Dec-2015,1090.0,1110.0,1090.0,1104.75,White,5,0,14.75,6,VB,VB,VB,TNY,Positive,21,Extremely Bullish,BL,VBTNYVBW
29-Dec-2015,1101.25,1110.0,1097.3,1104.7,White,5,3,3.450000000000045,5,BG,VB,VB,BG,Positive,3,Very Bullish,BL,VBBGVBW
07-Jan-2016,1060.05,1067.9,1047.9,1050.8,Black,7,2,9.25,3,VB,VB,VB,BG,Negative,28,Extremely Bearish,BR,VBBGVBB
21-Jan-2016,1135.0,1142.5,1122.0,1137.05,White,5,13,2.0499999999999545,3,VB,VB,VB,VB,Positive,5,Extremely Bullish,BL,VBVBVBW
02-Feb-2016,1176.85,1190.0,1164.0,1175.55,Black,13,11,1.2999999999999543,4,VB,VS,VB,VB,Positive,45,Extremely Bullish,BL,VBVBVSB
11-Feb-2016,1111.0,1113.0,1071.15,1078.65,Black,2,7,32.34999999999991,7,VB,VB,VS,VB,Negative,72,Extremely Bearish,BR,VSVBVBB
18-Feb-2016,1100.0,1127.0,1100.0,1123.4,White,3,0,23.40000000000009,6,VB,VB,SM,TNY,Positive,31,Extremely Bullish,BL,SMTNYVBW
19-Feb-2016,1119.2,1134.2,1113.85,1127.25,White,6,5,8.049999999999955,3,VB,VB,VB,VB,Positive,48,Extremely Bullish,BL,VBVBVBW
23-Feb-2016,1130.25,1132.5,1116.05,1123.9,Black,2,7,6.349999999999909,4,TNY,VB,SM,VB,Positive,0,Neutral,NT,SMVBVBB
23-Mar-2016,1190.0,1210.7,1182.1,1207.8,White,2,7,17.79999999999995,7,VB,VB,VS,VB,Positive,14,Extremely Bullish,BL,VSVBVBW
31-Mar-2016,1210.25,1229.9,1200.3,1218.3,White,11,9,8.049999999999955,10,VB,VB,VB,VB,Positive,13,Extremely Bullish,BL,VBVBVBW
07-Apr-2016,1208.4,1208.4,1175.0,1181.5,Black,0,6,26.90000000000009,8,VB,VB,TNY,VB,Negative,62,Extremely Bearish,BR,TNYVBVBB
13-May-2016,1206.0,1210.0,1192.15,1207.25,White,2,13,1.25,3,VB,SM,BG,VB,Negative,5,Extremely Bearish,BR,BGVBSMW
20-Jun-2016,1181.0,1211.8,1179.7,1208.75,White,3,1,27.75,7,VB,VB,SM,TNY,Positive,18,Extremely Bullish,BL,SMTNYVBW
05-Jul-2016,1185.0,1187.5,1171.05,1175.45,Black,2,4,9.549999999999956,4,VB,VB,SM,VB,Positive,4,Extremely Bullish,BL,SMVBVBB
11-Jul-2016,1167.4,1178.7,1160.0,1175.05,White,3,7,7.649999999999863,6,TNY,VB,SM,VB,Negative,0,Neutral,NT,SMVBVBW
18-Jul-2016,1077.25,1084.9,1055.15,1081.95,White,2,22,4.7000000000000455,2,VB,VB,VB,VB,Negative,111,Extremely Bearish,BR,VBVBVBW
27-Jul-2016,1084.7,1096.5,1078.55,1085.35,White,11,6,0.6499999999998636,3,VB,TNY,VB,VB,Positive,12,Extremely Bullish,BL,VBVBTNYW
08-Aug-2016,1069.0,1081.0,1062.55,1078.7,White,2,6,9.700000000000044,3,VB,VB,BG,VB,Negative,6,Extremely Bearish,BR,BGVBVBW
07-Sep-2016,1048.0,1059.0,1044.0,1054.35,White,4,4,6.349999999999909,6,VB,VB,BG,BG,Positive,16,Extremely Bullish,BL,BGBGVBW
28-Sep-2016,1040.0,1042.3,1033.25,1038.95,Black,2,5,1.0499999999999543,3,VB,VS,BG,VB,Negative,3,Extremely Bearish,BR,BGVBVSB
18-Oct-2016,1030.0,1040.5,1027.3,1039.05,White,1,2,9.049999999999956,2,VB,VB,SM,VB,Negative,13,Extremely Bearish,BR,SMVBVBW
10-Nov-2016,962.5,962.5,935.0,939.4,Black,0,4,23.100000000000023,7,VB,VB,TNY,BG,Negative,38,Extremely Bearish,BR,TNYBGVBB
18-Nov-2016,930.0,933.25,917.5,920.0,Black,3,2,10.0,4,VB,VB,VB,SM,Negative,3,Extremely Bearish,BR,VBSMVBB
28-Dec-2016,1002.95,1009.8,995.0,998.5,Black,6,3,4.4500000000000455,5,VB,VB,VB,BG,Positive,10,Extremely Bullish,BL,VBBGVBB
29-Dec-2016,1003.75,1008.0,988.15,992.35,Black,4,4,11.399999999999974,6,VB,VB,BG,BG,Positive,9,Extremely Bullish,BL,BGBGVBB
10-Jan-2017,977.0,981.0,967.95,970.55,Black,4,2,6.4500000000000455,12,VB,BG,VS,TNY,Negative,25,Extremely Bearish,BR,VSTNYBGB
24-Jan-2017,950.0,950.0,940.1,945.55,Black,0,5,4.4500000000000455,4,VB,VB,TNY,VB,Negative,12,Extremely Bearish,BR,TNYVBVBB
03-Feb-2017,933.8,940.9,921.05,936.1,White,4,12,2.300000000000068,2,VB,VB,VB,VB,Positive,7,Extremely Bullish,BL,VBVBVBW
16-Feb-2017,991.0,1013.9,990.05,1012.1,White,1,0,21.100000000000023,8,VB,VB,TNY,TNY,Positive,27,Extremely Bullish,BL,TNYTNYVBW
21-Feb-2017,1022.1,1024.5,1000.05,1013.6,Black,2,13,8.5,6,TNY,VB,VS,VB,Positive,1,Neutral,NT,VSVBVBB
09-Mar-2017,1007.8,1013.0,999.0,1011.55,White,1,8,3.75,6,VB,BG,TNY,VB,Negative,22,Extremely Bearish,BR,TNYVBBGW
21-Mar-2017,1020.9,1034.95,1018.8,1032.85,White,2,2,11.94999999999993,5,VB,VB,SM,SM,Positive,4,Extremely Bullish,BL,SMSMVBW
22-Mar-2017,1022.45,1039.95,1020.4,1027.7,White,12,2,5.25,3,VB,VB,VB,BG,Negative,12,Extremely Bearish,BR,VBBGVBW
